Frame,integer_adm2,integer_adm_scale0,integer_adm_scale1,integer_adm_scale2,integer_adm_scale3,integer_motion2,integer_motion,integer_vif_scale0,integer_vif_scale1,integer_vif_scale2,integer_vif_scale3,psnr,ssim,vmaf,
0,1.000002,1.000008,1.000000,1.000001,1.000000,0.000000,0.000000,0.999996,0.999995,0.999995,0.999995,60.000000,1.000000,97.427769,
1,1.000002,1.000008,1.000000,1.000001,1.000001,0.328292,0.328292,0.999995,0.999995,0.999995,0.999995,60.000000,1.000000,97.884586,
2,1.000002,1.000008,1.000000,1.000001,1.000001,0.008763,0.990942,0.999996,0.999995,0.999995,0.999995,60.000000,1.000000,97.439983,
3,1.000002,1.000008,1.000000,1.000001,1.000001,0.008763,0.008763,0.999996,0.999996,0.999995,0.999995,60.000000,1.000000,97.439977,
4,1.000002,1.000008,1.000000,1.000001,1.000001,1.233788,1.233788,0.999996,0.999995,0.999995,0.999995,60.000000,1.000000,99.136422,
5,1.000001,1.000006,1.000000,1.000001,1.000001,0.007687,1.403222,0.999995,0.999995,0.999995,0.999995,60.000000,1.000000,97.438389,
6,1.000001,1.000006,1.000000,1.000001,1.000000,0.007687,0.007687,0.999995,0.999995,0.999995,0.999995,60.000000,1.000000,97.438362,
7,1.000001,1.000005,1.000001,1.000001,1.000000,2.692617,2.692617,0.999995,0.999995,0.999995,0.999994,60.000000,1.000000,100.000000,
8,1.000001,1.000005,1.000000,1.000001,1.000001,0.317878,3.968377,0.999995,0.999995,0.999995,0.999994,60.000000,1.000000,97.869943,
9,1.000001,1.000005,1.000000,1.000001,1.000001,0.317878,0.317878,0.999995,0.999995,0.999995,0.999994,60.000000,1.000000,97.869939,
10,1.000001,1.000006,1.000000,1.000001,1.000000,1.311845,1.815426,0.999995,0.999995,0.999995,0.999994,60.000000,1.000000,99.243622,
11,1.000001,1.000005,1.000000,1.000001,1.000001,0.267930,1.311845,0.999995,0.999995,0.999995,0.999995,60.000000,1.000000,97.800561,
12,1.000001,1.000005,1.000000,1.000001,1.000000,0.267930,0.267930,0.999995,0.999995,0.999995,0.999995,60.000000,1.000000,97.800545,
13,1.000001,1.000004,1.000000,1.000001,1.000001,3.712792,3.712792,0.999995,0.999995,0.999995,0.999994,60.000000,1.000000,100.000000,
14,1.000001,1.000004,1.000000,1.000001,1.000000,0.115365,4.163044,0.999995,0.999995,0.999995,0.999994,60.000000,1.000000,97.588269,
15,1.000001,1.000004,1.000000,1.000001,1.000000,0.115365,0.115365,0.999995,0.999995,0.999995,0.999994,60.000000,1.000000,97.588239,
16,1.000001,1.000005,1.000000,1.000001,1.000000,4.194227,4.194227,0.999995,0.999995,0.999995,0.999994,60.000000,1.000000,100.000000,
17,1.000001,1.000004,1.000000,1.000001,1.000001,0.019908,4.833540,0.999994,0.999994,0.999994,0.999994,60.000000,1.000000,97.455241,
18,1.000001,1.000004,1.000000,1.000001,1.000001,0.019908,0.019908,0.999994,0.999995,0.999994,0.999994,60.000000,1.000000,97.455226,
19,1.000001,1.000004,1.000000,1.000001,1.000001,5.600155,5.600155,0.999994,0.999995,0.999994,0.999994,60.000000,1.000000,100.000000,
20,1.000001,1.000004,1.000000,1.000001,1.000000,0.111972,5.662559,0.999994,0.999994,0.999994,0.999994,60.000000,1.000000,97.583517,
21,1.000001,1.000004,1.000000,1.000001,1.000000,0.111972,0.111972,0.999994,0.999994,0.999994,0.999994,60.000000,1.000000,97.583507,
22,1.000001,1.000004,1.000000,1.000001,1.000000,6.433567,6.433567,0.999994,0.999994,0.999994,0.999994,60.000000,1.000000,100.000000,
23,1.000001,1.000004,1.000000,1.000001,1.000000,0.040554,6.589257,0.999994,0.999994,0.999994,0.999994,60.000000,1.000000,97.484034,
24,1.000001,1.000004,1.000000,1.000001,1.000000,0.040554,0.040554,0.999994,0.999994,0.999994,0.999994,60.000000,1.000000,97.484021,
25,1.000001,1.000003,1.000000,1.000001,1.000000,6.462201,6.462201,0.999994,0.999994,0.999994,0.999994,60.000000,1.000000,100.000000,
26,1.000001,1.000003,1.000000,1.000001,1.000000,0.082589,6.567416,0.999994,0.999994,0.999994,0.999994,60.000000,1.000000,97.542557,
27,1.000001,1.000003,1.000000,1.000001,1.000000,0.082589,0.082589,0.999994,0.999994,0.999994,0.999994,60.000000,1.000000,97.542539,
28,1.000001,1.000003,1.000000,1.000001,1.000001,5.914865,6.375126,0.999994,0.999994,0.999994,0.999994,60.000000,1.000000,100.000000,
29,1.000001,1.000003,1.000000,1.000001,1.000001,0.024042,5.914865,0.999994,0.999994,0.999994,0.999994,60.000000,1.000000,97.460976,
30,1.000001,1.000003,1.000000,1.000001,1.000001,0.024042,0.024042,0.999994,0.999994,0.999994,0.999994,60.000000,1.000000,97.460966,
31,1.000001,1.000003,1.000000,1.000001,1.000001,0.050357,5.746368,0.999994,0.999994,0.999994,0.999994,60.000000,1.000000,97.497621,
32,1.000001,1.000003,1.000000,1.000001,1.000001,0.050357,0.050357,0.999994,0.999994,0.999994,0.999994,60.000000,1.000000,97.497637,
33,1.000001,1.000003,1.000000,1.000000,1.000000,5.148392,5.949339,0.999993,0.999994,0.999994,0.999994,60.000000,1.000000,100.000000,
34,1.000001,1.000003,1.000000,1.000001,1.000000,0.317099,5.148392,0.999993,0.999993,0.999993,0.999993,60.000000,1.000000,97.868641,
35,1.000001,1.000003,1.000000,1.000000,1.000000,0.317099,0.317099,0.999993,0.999993,0.999994,0.999993,60.000000,1.000000,97.868621,
36,1.000001,1.000003,1.000000,1.000001,1.000001,4.362012,4.416159,0.999993,0.999993,0.999993,0.999993,60.000000,1.000000,100.000000,
37,1.000001,1.000004,1.000000,1.000001,1.000000,0.010011,4.362012,0.999992,0.999993,0.999993,0.999993,60.000000,1.000000,97.441316,
38,1.000001,1.000004,1.000000,1.000001,1.000000,0.010011,0.010011,0.999992,0.999993,0.999993,0.999993,60.000000,1.000000,97.441316,
39,1.000001,1.000003,1.000000,1.000001,1.000000,4.095569,4.175372,0.999993,0.999993,0.999993,0.999993,60.000000,1.000000,100.000000,
40,1.000001,1.000003,1.000000,1.000001,1.000001,0.034562,4.095569,0.999993,0.999993,0.999993,0.999993,60.000000,1.000000,97.475584,
41,1.000001,1.000003,1.000000,1.000001,1.000001,0.034562,0.034562,0.999993,0.999993,0.999993,0.999993,60.000000,1.000000,97.475576,
42,1.000001,1.000003,1.000000,1.000001,1.000001,3.737153,3.869729,0.999993,0.999993,0.999993,0.999993,60.000000,1.000000,100.000000,
43,1.000001,1.000004,1.000000,1.000001,1.000001,0.115039,3.737153,0.999993,0.999994,0.999993,0.999993,60.000000,1.000000,97.587677,
44,1.000001,1.000004,1.000000,1.000001,1.000001,0.115039,0.115039,0.999993,0.999994,0.999994,0.999993,60.000000,1.000000,97.587673,
45,1.000001,1.000004,1.000000,1.000001,1.000000,3.763665,3.763665,0.999994,0.999994,0.999994,0.999994,60.000000,1.000000,100.000000,
46,1.000001,1.000003,1.000000,1.000001,1.000001,0.265345,4.067601,0.999994,0.999994,0.999994,0.999994,60.000000,1.000000,97.796825,
47,1.000001,1.000003,1.000000,1.000001,1.000000,0.265345,0.265345,0.999994,0.999995,0.999994,0.999994,60.000000,1.000000,97.796819,
48,1.000001,1.000003,1.000000,1.000001,1.000001,4.040415,4.040415,0.999994,0.999995,0.999995,0.999994,60.000000,1.000000,100.000000,
49,1.000001,1.000003,1.000000,1.000001,1.000001,0.000445,4.349121,0.999995,0.999995,0.999995,0.999994,60.000000,1.000000,97.428205,
50,1.000001,1.000003,1.000000,1.000001,1.000001,0.000445,0.000445,0.999995,0.999995,0.999995,0.999994,60.000000,1.000000,97.428192,
51,1.000001,1.000003,1.000000,1.000001,1.000001,4.520676,4.520676,0.999995,0.999995,0.999995,0.999995,60.000000,1.000000,100.000000,
52,1.000001,1.000004,1.000000,1.000001,1.000001,0.016585,4.840907,0.999995,0.999995,0.999995,0.999995,60.000000,1.000000,97.450769,
53,1.000001,1.000004,1.000000,1.000001,1.000001,0.016585,0.016585,0.999995,0.999995,0.999995,0.999995,60.000000,1.000000,97.450758,
54,1.000001,1.000004,1.000000,1.000001,1.000001,4.237011,4.237011,0.999995,0.999995,0.999995,0.999995,60.000000,1.000000,100.000000,
55,1.000001,1.000004,1.000000,1.000001,1.000001,0.070340,4.963800,0.999995,0.999995,0.999995,0.999995,60.000000,1.000000,97.525637,
56,1.000001,1.000004,1.000000,1.000001,1.000000,0.070340,0.070340,0.999995,0.999995,0.999995,0.999995,60.000000,1.000000,97.525620,
57,1.000001,1.000004,1.000000,1.000001,1.000001,5.341091,5.910000,0.999995,0.999995,0.999995,0.999995,60.000000,1.000000,100.000000,
58,1.000001,1.000004,1.000000,1.000001,1.000000,0.031874,5.341091,0.999995,0.999995,0.999995,0.999995,60.000000,1.000000,97.472061,
59,1.000001,1.000004,1.000000,1.000001,1.000001,0.031874,0.031874,0.999995,0.999995,0.999995,0.999995,60.000000,1.000000,97.472084,
60,1.000001,1.000004,1.000000,1.000001,1.000001,0.044422,5.641691,0.999994,0.999996,0.999995,0.999995,60.000000,1.000000,97.489558,
61,1.000001,1.000004,1.000000,1.000001,1.000001,0.044422,0.044422,0.999994,0.999996,0.999995,0.999995,60.000000,1.000000,97.489579,
62,1.000001,1.000004,1.000000,1.000001,1.000000,4.850570,5.218705,0.999994,0.999995,0.999995,0.999995,60.000000,1.000000,100.000000,
63,1.000001,1.000004,1.000000,1.000001,1.000001,0.018553,4.850570,0.999994,0.999995,0.999995,0.999995,60.000000,1.000000,97.453470,
64,1.000001,1.000004,1.000000,1.000001,1.000001,0.018553,0.018553,0.999994,0.999995,0.999995,0.999995,60.000000,1.000000,97.453478,
65,1.000001,1.000005,1.000000,1.000001,1.000001,3.360115,3.999749,0.999995,0.999995,0.999995,0.999995,60.000000,1.000000,100.000000,
66,1.000001,1.000006,1.000000,1.000001,1.000001,0.091455,3.360115,0.999995,0.999995,0.999995,0.999995,60.000000,1.000000,97.555110,
67,1.000001,1.000006,1.000000,1.000001,1.000001,0.091455,0.091455,0.999995,0.999995,0.999995,0.999995,60.000000,1.000000,97.555126,
68,1.000001,1.000006,1.000000,1.000001,1.000001,2.864078,3.033704,0.999995,0.999995,0.999995,0.999995,60.000000,1.000000,100.000000,
69,1.000001,1.000006,1.000000,1.000001,1.000001,0.183560,2.864078,0.999995,0.999996,0.999995,0.999995,60.000000,1.000000,97.683335,
70,1.000001,1.000006,1.000000,1.000001,1.000000,0.183560,0.183560,0.999995,0.999996,0.999995,0.999995,60.000000,1.000000,97.683307,
71,1.000001,1.000006,1.000000,1.000001,1.000001,2.921660,2.921660,0.999995,0.999996,0.999995,0.999995,60.000000,1.000000,100.000000,
72,1.000001,1.000004,1.000000,1.000001,1.000001,0.011558,3.803301,0.999995,0.999996,0.999995,0.999995,60.000000,1.000000,97.443764,
73,1.000001,1.000005,1.000000,1.000001,1.000001,0.011558,0.011558,0.999995,0.999996,0.999996,0.999995,60.000000,1.000000,97.443776,
74,1.000001,1.000005,1.000000,1.000001,1.000001,5.141059,5.141059,0.999995,0.999995,0.999995,0.999995,60.000000,1.000000,100.000000,
75,1.000001,1.000004,1.000000,1.000001,1.000001,0.052866,5.199928,0.999995,0.999995,0.999995,0.999995,60.000000,1.000000,97.501280,
76,1.000001,1.000004,1.000000,1.000001,1.000001,0.052866,0.052866,0.999995,0.999995,0.999995,0.999995,60.000000,1.000000,97.501276,
77,1.000001,1.000005,1.000000,1.000001,1.000001,3.096325,4.714963,0.999995,0.999995,0.999995,0.999995,60.000000,1.000000,100.000000,
78,1.000001,1.000005,1.000000,1.000001,1.000001,0.173243,3.096325,0.999995,0.999996,0.999995,0.999995,60.000000,1.000000,97.668965,
79,1.000001,1.000005,1.000000,1.000001,1.000001,0.173243,0.173243,0.999995,0.999995,0.999995,0.999995,60.000000,1.000000,97.668950,
80,1.000001,1.000005,1.000000,1.000001,1.000001,3.518588,3.518588,0.999995,0.999996,0.999995,0.999995,60.000000,1.000000,100.000000,
81,1.000001,1.000006,1.000000,1.000001,1.000001,0.276916,3.791294,0.999995,0.999996,0.999995,0.999995,60.000000,1.000000,97.813150,
82,1.000001,1.000006,1.000000,1.000001,1.000001,0.276916,0.276916,0.999995,0.999996,0.999995,0.999995,60.000000,1.000000,97.813121,
83,1.000001,1.000005,1.000000,1.000001,1.000001,3.388000,3.388000,0.999995,0.999996,0.999995,0.999995,60.000000,1.000000,100.000000,
84,1.000001,1.000005,1.000000,1.000001,1.000001,0.050180,3.846221,0.999995,0.999995,0.999995,0.999995,60.000000,1.000000,97.497584,
85,1.000001,1.000005,1.000000,1.000001,1.000001,0.050180,0.050180,0.999995,0.999995,0.999995,0.999995,60.000000,1.000000,97.497575,
86,1.000001,1.000005,1.000000,1.000001,1.000001,4.252335,4.535682,0.999995,0.999995,0.999995,0.999995,60.000000,1.000000,100.000000,
87,1.000001,1.000005,1.000000,1.000001,1.000001,0.023186,4.252335,0.999995,0.999996,0.999996,0.999995,60.000000,1.000000,97.460031,
88,1.000001,1.000005,1.000000,1.000001,1.000001,0.023186,0.023186,0.999995,0.999996,0.999995,0.999995,60.000000,1.000000,97.460051,
89,1.000001,1.000004,1.000000,1.000001,1.000001,0.031691,4.192070,0.999995,0.999995,0.999995,0.999995,60.000000,1.000000,97.471819,
90,1.000001,1.000004,1.000000,1.000001,1.000001,0.031691,0.031691,0.999995,0.999995,0.999995,0.999995,60.000000,1.000000,97.471807,
91,1.000001,1.000004,1.000000,1.000001,1.000001,3.887109,4.965299,0.999995,0.999995,0.999995,0.999995,60.000000,1.000000,100.000000,
92,1.000001,1.000006,1.000000,1.000001,1.000001,0.082531,3.887109,0.999995,0.999996,0.999995,0.999995,60.000000,1.000000,97.542675,
93,1.000001,1.000006,1.000000,1.000001,1.000000,0.082531,0.082531,0.999995,0.999996,0.999995,0.999995,60.000000,1.000000,97.542662,
94,1.000001,1.000006,1.000000,1.000001,1.000001,2.820988,2.820988,0.999995,0.999996,0.999995,0.999995,60.000000,1.000000,100.000000,
95,1.000001,1.000006,1.000000,1.000001,1.000001,0.074471,2.870681,0.999995,0.999996,0.999995,0.999995,60.000000,1.000000,97.531470,
96,1.000001,1.000006,1.000000,1.000001,1.000000,0.074471,0.074471,0.999996,0.999996,0.999996,0.999995,60.000000,1.000000,97.531467,
97,1.000001,1.000006,1.000000,1.000001,1.000001,2.431055,3.320507,0.999995,0.999996,0.999995,0.999995,60.000000,1.000000,100.000000,
98,1.000001,1.000006,1.000000,1.000001,1.000000,0.114731,2.431055,0.999995,0.999996,0.999995,0.999995,60.000000,1.000000,97.587549,
99,1.000001,1.000006,1.000000,1.000001,1.000001,0.114731,0.114731,0.999996,0.999996,0.999995,0.999995,60.000000,1.000000,97.587568,
100,1.000001,1.000006,1.000001,1.000001,1.000001,1.867697,1.867697,0.999996,0.999996,0.999996,0.999995,60.000000,1.000000,100.000000,
101,1.000002,1.000007,1.000000,1.000001,1.000001,0.034024,2.396059,0.999996,0.999996,0.999996,0.999995,60.000000,1.000000,97.475196,
102,1.000002,1.000007,1.000000,1.000001,1.000001,0.034024,0.034024,0.999996,0.999996,0.999996,0.999995,60.000000,1.000000,97.475205,
103,1.000001,1.000006,1.000000,1.000001,1.000001,2.454061,2.454061,0.999996,0.999996,0.999996,0.999995,60.000000,1.000000,100.000000,
104,1.000002,1.000007,1.000000,1.000001,1.000001,0.034346,2.594873,0.999995,0.999996,0.999996,0.999995,60.000000,1.000000,97.475648,
105,1.000002,1.000007,1.000000,1.000001,1.000001,0.034346,0.034346,0.999995,0.999996,0.999995,0.999995,60.000000,1.000000,97.475633,
106,1.000001,1.000006,1.000000,1.000001,1.000001,2.550722,2.550722,0.999995,0.999996,0.999995,0.999995,60.000000,1.000000,100.000000,
107,1.000001,1.000006,1.000000,1.000001,1.000001,0.021260,2.590308,0.999995,0.999996,0.999995,0.999995,60.000000,1.000000,97.457341,
108,1.000002,1.000006,1.000000,1.000001,1.000001,0.021260,0.021260,0.999995,0.999995,0.999995,0.999995,60.000000,1.000000,97.457363,
109,1.000002,1.000006,1.000000,1.000001,1.000001,2.848550,2.848550,0.999995,0.999995,0.999995,0.999995,60.000000,1.000000,100.000000,
110,1.000002,1.000006,1.000001,1.000001,1.000001,0.073832,3.437256,0.999995,0.999995,0.999995,0.999995,60.000000,1.000000,97.530537,
111,1.000001,1.000006,1.000000,1.000001,1.000000,0.073832,0.073832,0.999995,0.999995,0.999995,0.999995,60.000000,1.000000,97.530538,
112,1.000001,1.000006,1.000000,1.000001,1.000001,2.591732,2.591732,0.999995,0.999995,0.999995,0.999994,60.000000,1.000000,100.000000,
113,1.000001,1.000006,1.000000,1.000001,1.000001,0.050403,2.705003,0.999995,0.999995,0.999995,0.999994,60.000000,1.000000,97.497871,
114,1.000001,1.000006,1.000000,1.000001,1.000001,0.050403,0.050403,0.999995,0.999995,0.999995,0.999995,60.000000,1.000000,97.497887,
115,1.000001,1.000006,1.000000,1.000001,1.000001,2.305832,2.325356,0.999995,0.999995,0.999995,0.999995,60.000000,1.000000,100.000000,
116,1.000001,1.000006,1.000000,1.000001,1.000001,0.003868,2.305832,0.999995,0.999995,0.999995,0.999995,60.000000,1.000000,97.433034,
117,1.000001,1.000006,1.000000,1.000001,1.000001,0.003868,0.003868,0.999995,0.999995,0.999995,0.999995,60.000000,1.000000,97.433040,
118,1.000001,1.000006,1.000000,1.000001,1.000001,0.001152,2.308391,0.999995,0.999995,0.999995,0.999994,60.000000,1.000000,97.429268,
119,1.000002,1.000006,1.000000,1.000001,1.000001,0.001152,0.001152,0.999995,0.999995,0.999995,0.999995,60.000000,1.000000,97.429288,
120,1.000002,1.000007,1.000000,1.000001,1.000000,2.291223,2.701303,0.999994,0.999995,0.999995,0.999994,60.000000,1.000000,100.000000,
121,1.000002,1.000006,1.000000,1.000001,1.000001,0.134060,2.291223,0.999994,0.999995,0.999995,0.999994,60.000000,1.000000,97.614364,
122,1.000002,1.000006,1.000000,1.000001,1.000001,0.134060,0.134060,0.999995,0.999995,0.999995,0.999994,60.000000,1.000000,97.614363,
123,1.000001,1.000005,1.000000,1.000001,1.000001,2.575686,2.575686,0.999995,0.999995,0.999995,0.999994,60.000000,1.000000,100.000000,
124,1.000001,1.000005,1.000000,1.000001,1.000000,0.185865,3.331148,0.999994,0.999995,0.999995,0.999994,60.000000,1.000000,97.686401,
125,1.000001,1.000005,1.000000,1.000001,1.000000,0.185865,0.185865,0.999994,0.999995,0.999994,0.999994,60.000000,1.000000,97.686384,
126,1.000001,1.000004,1.000000,1.000001,1.000001,3.540212,3.540212,0.999994,0.999995,0.999994,0.999994,60.000000,1.000000,100.000000,
127,1.000001,1.000004,1.000000,1.000001,1.000001,0.035075,4.274136,0.999994,0.999994,0.999994,0.999994,60.000000,1.000000,97.476400,
128,1.000001,1.000004,1.000000,1.000001,1.000001,0.035075,0.035075,0.999994,0.999994,0.999994,0.999994,60.000000,1.000000,97.476414,
129,1.000001,1.000004,1.000000,1.000001,1.000000,4.136672,4.607772,0.999994,0.999994,0.999994,0.999994,60.000000,1.000000,100.000000,
130,1.000001,1.000004,1.000000,1.000001,1.000001,0.113881,4.136672,0.999993,0.999994,0.999994,0.999993,60.000000,1.000000,97.586078,
131,1.000001,1.000004,1.000000,1.000001,1.000000,0.113881,0.113881,0.999993,0.999994,0.999994,0.999993,60.000000,1.000000,97.586067,
132,1.000001,1.000004,1.000000,1.000001,1.000000,3.924424,4.203897,0.999993,0.999994,0.999994,0.999993,60.000000,1.000000,100.000000,
133,1.000001,1.000004,1.000000,1.000001,1.000001,0.063625,3.924424,0.999993,0.999994,0.999994,0.999993,60.000000,1.000000,97.516101,
134,1.000001,1.000004,1.000000,1.000001,1.000001,0.063625,0.063625,0.999993,0.999994,0.999994,0.999993,60.000000,1.000000,97.516116,
135,1.000001,1.000003,1.000000,1.000001,1.000001,2.339107,3.031967,0.999994,0.999994,0.999994,0.999993,60.000000,1.000000,100.000000,
136,1.000001,1.000005,1.000000,1.000001,1.000001,0.030357,2.339107,0.999994,0.999994,0.999994,0.999994,60.000000,1.000000,97.469829,
137,1.000001,1.000005,1.000000,1.000001,1.000000,0.030357,0.030357,0.999994,0.999994,0.999994,0.999994,60.000000,1.000000,97.469830,
138,1.000001,1.000005,1.000000,1.000001,1.000001,1.903511,1.903511,0.999994,0.999994,0.999994,0.999994,60.000000,1.000000,100.000000,
139,1.000001,1.000004,1.000000,1.000001,1.000000,0.073999,4.287143,0.999994,0.999994,0.999994,0.999993,60.000000,1.000000,97.530552,
140,1.000001,1.000004,1.000000,1.000001,1.000000,0.073999,0.073999,0.999994,0.999994,0.999994,0.999993,60.000000,1.000000,97.530546,
141,1.000001,1.000005,1.000000,1.000001,1.000000,1.980981,3.858912,0.999994,0.999994,0.999994,0.999994,60.000000,1.000000,100.000000,
142,1.000001,1.000006,1.000000,1.000001,1.000000,0.053774,1.980981,0.999994,0.999994,0.999994,0.999994,60.000000,1.000000,97.502441,
143,1.000001,1.000006,1.000000,1.000001,1.000000,0.053774,0.053774,0.999994,0.999994,0.999994,0.999994,60.000000,1.000000,97.502458,
144,1.000001,1.000005,1.000000,1.000001,1.000001,1.944420,1.944420,0.999994,0.999994,0.999994,0.999993,60.000000,1.000000,100.000000,
145,1.000001,1.000005,1.000000,1.000001,1.000001,0.012880,2.866903,0.999994,0.999994,0.999994,0.999993,60.000000,1.000000,97.445434,
146,1.000001,1.000005,1.000000,1.000001,1.000001,0.012880,0.012880,0.999994,0.999994,0.999994,0.999993,60.000000,1.000000,97.445435,
147,1.000001,1.000004,1.000000,1.000001,1.000001,0.172116,1.166660,0.999994,0.999994,0.999994,0.999994,60.000000,1.000000,97.667163,
148,1.000001,1.000004,1.000000,1.000001,1.000001,0.172116,0.172116,0.999994,0.999994,0.999994,0.999993,60.000000,1.000000,97.667147,
149,1.000001,1.000003,1.000000,1.000001,1.000001,2.429699,2.429699,0.999992,0.999993,0.999993,0.999993,60.000000,1.000000,100.000000,
150,1.000001,1.000003,1.000000,1.000001,1.000001,0.000000,5.973830,0.999992,0.999992,0.999992,0.999993,60.000000,1.000000,97.427318,
151,1.000001,1.000003,1.000000,1.000001,1.000001,0.000000,0.000000,0.999992,0.999992,0.999992,0.999993,60.000000,1.000000,97.427318,
152,1.000001,1.000005,1.000000,1.000001,1.000000,2.666099,4.897785,0.999994,0.999994,0.999994,0.999993,60.000000,1.000000,100.000000,
153,1.000001,1.000004,1.000000,1.000001,1.000001,0.031319,2.666099,0.999994,0.999994,0.999994,0.999994,60.000000,1.000000,97.471141,
154,1.000001,1.000004,1.000000,1.000001,1.000000,0.031319,0.031319,0.999994,0.999994,0.999994,0.999994,60.000000,1.000000,97.471128,
155,1.000001,1.000004,1.000000,1.000001,1.000000,2.689485,4.227876,0.999994,0.999994,0.999994,0.999994,60.000000,1.000000,100.000000,
156,1.000001,1.000004,1.000000,1.000001,1.000000,0.038445,2.689485,0.999994,0.999994,0.999994,0.999994,60.000000,1.000000,97.481090,
157,1.000001,1.000004,1.000000,1.000001,1.000000,0.038445,0.038445,0.999994,0.999994,0.999994,0.999994,60.000000,1.000000,97.481075,
158,1.000001,1.000004,1.000000,1.000001,1.000001,3.321523,3.653004,0.999994,0.999994,0.999994,0.999994,60.000000,1.000000,100.000000,
159,1.000001,1.000004,1.000000,1.000001,1.000001,0.157032,3.321523,0.999994,0.999995,0.999994,0.999994,60.000000,1.000000,97.646229,
160,1.000001,1.000004,1.000000,1.000001,1.000000,0.157032,0.157032,0.999994,0.999995,0.999994,0.999994,60.000000,1.000000,97.646218,
161,1.000001,1.000003,1.000000,1.000001,1.000001,3.487859,3.487859,0.999994,0.999995,0.999995,0.999994,60.000000,1.000000,100.000000,
162,1.000001,1.000004,1.000000,1.000001,1.000000,0.000000,4.245645,0.999994,0.999995,0.999995,0.999995,60.000000,1.000000,97.427561,
163,1.000001,1.000004,1.000000,1.000001,1.000000,0.000000,0.000000,0.999994,0.999995,0.999995,0.999995,60.000000,1.000000,97.427561,
164,1.000001,1.000004,1.000000,1.000001,1.000000,2.172674,3.445809,0.999994,0.999995,0.999995,0.999995,60.000000,1.000000,100.000000,
165,1.000001,1.000005,1.000000,1.000001,1.000000,0.165174,2.172674,0.999995,0.999995,0.999995,0.999995,60.000000,1.000000,97.657649,
166,1.000001,1.000005,1.000000,1.000001,1.000000,0.165174,0.165174,0.999994,0.999995,0.999995,0.999995,60.000000,1.000000,97.657653,
167,1.000001,1.000005,1.000000,1.000001,1.000001,1.850301,1.850301,0.999995,0.999995,0.999995,0.999995,60.000000,1.000000,99.981426,
168,1.000001,1.000005,1.000000,1.000001,1.000000,0.000000,3.212687,0.999995,0.999995,0.999995,0.999995,60.000000,1.000000,97.427665,
169,1.000001,1.000005,1.000000,1.000001,1.000000,0.000000,0.000000,0.999995,0.999995,0.999995,0.999995,60.000000,1.000000,97.427665,
170,1.000001,1.000005,1.000000,1.000001,1.000001,1.806749,1.826649,0.999995,0.999995,0.999995,0.999995,60.000000,1.000000,99.921984,
171,1.000001,1.000005,1.000000,1.000001,1.000000,0.245751,1.806749,0.999995,0.999995,0.999995,0.999995,60.000000,1.000000,97.769755,
172,1.000001,1.000005,1.000000,1.000001,1.000000,0.245751,0.245751,0.999995,0.999996,0.999995,0.999995,60.000000,1.000000,97.769768,
173,1.000001,1.000004,1.000000,1.000001,1.000001,1.915854,2.548177,0.999995,0.999995,0.999995,0.999995,60.000000,1.000000,100.000000,
174,1.000001,1.000005,1.000000,1.000001,1.000001,0.045135,1.915854,0.999995,0.999995,0.999995,0.999995,60.000000,1.000000,97.490556,
175,1.000001,1.000005,1.000000,1.000001,1.000001,0.045135,0.045135,0.999995,0.999995,0.999995,0.999995,60.000000,1.000000,97.490574,
176,1.000001,1.000006,1.000000,1.000001,1.000001,0.003423,4.887744,0.999995,0.999996,0.999995,0.999995,60.000000,1.000000,97.432496,
177,1.000001,1.000006,1.000000,1.000001,1.000001,0.003423,0.003423,0.999995,0.999996,0.999995,0.999995,60.000000,1.000000,97.432496,
178,1.000002,1.000008,1.000000,1.000001,1.000001,3.267224,9.402501,0.999996,0.999996,0.999996,0.999996,60.000000,1.000000,100.000000,
179,1.000002,1.000007,1.000000,1.000001,1.000001,0.794719,3.267224,0.999996,0.999996,0.999996,0.999996,60.000000,1.000000,98.531010,
180,1.000002,1.000007,1.000000,1.000001,1.000000,0.794719,0.794719,0.999996,0.999996,0.999996,0.999996,60.000000,1.000000,98.531010,
181,1.000001,1.000007,1.000000,1.000001,1.000001,2.443990,2.443990,0.999996,0.999996,0.999996,0.999996,60.000000,1.000000,100.000000,
182,1.000001,1.000007,1.000000,1.000001,1.000000,0.178253,2.485981,0.999996,0.999996,0.999996,0.999996,60.000000,1.000000,97.676046,
183,1.000001,1.000007,1.000000,1.000001,1.000001,0.178253,0.178253,0.999996,0.999996,0.999996,0.999996,60.000000,1.000000,97.676040,
184,1.000002,1.000008,1.000000,1.000001,1.000001,1.496280,1.496280,0.999996,0.999996,0.999996,0.999996,60.000000,1.000000,99.497121,
185,1.000001,1.000007,1.000000,1.000001,1.000001,0.013506,2.754532,0.999996,0.999996,0.999996,0.999996,60.000000,1.000000,97.446648,
186,1.000001,1.000007,1.000000,1.000001,1.000001,0.013506,0.013506,0.999996,0.999996,0.999996,0.999996,60.000000,1.000000,97.446643,
187,1.000001,1.000007,1.000000,1.000001,1.000001,2.160835,2.475231,0.999996,0.999996,0.999996,0.999996,60.000000,1.000000,100.000000,
188,1.000002,1.000008,1.000000,1.000001,1.000000,0.299613,2.160835,0.999996,0.999996,0.999996,0.999996,60.000000,1.000000,97.844826,
189,1.000002,1.000008,1.000000,1.000001,1.000000,0.299613,0.299613,0.999996,0.999996,0.999996,0.999996,60.000000,1.000000,97.844802,
190,1.000002,1.000008,1.000000,1.000001,1.000001,0.779954,0.779954,0.999996,0.999996,0.999996,0.999996,60.000000,1.000000,98.510668,
191,1.000002,1.000008,1.000000,1.000001,1.000000,0.038628,1.984873,0.999996,0.999996,0.999996,0.999996,60.000000,1.000000,97.481671,
192,1.000002,1.000008,1.000000,1.000001,1.000000,0.038628,0.038628,0.999996,0.999996,0.999996,0.999996,60.000000,1.000000,97.481677,
193,1.000001,1.000006,1.000000,1.000001,1.000000,1.576570,1.576570,0.999996,0.999996,0.999996,0.999996,60.000000,1.000000,99.607146,
194,1.000001,1.000007,1.000000,1.000001,1.000000,0.079306,1.764459,0.999996,0.999996,0.999996,0.999996,60.000000,1.000000,97.538312,
195,1.000001,1.000007,1.000000,1.000001,1.000000,0.079306,0.079306,0.999996,0.999996,0.999996,0.999996,60.000000,1.000000,97.538325,
196,1.000001,1.000006,1.000000,1.000001,1.000001,3.505057,4.562750,0.999996,0.999996,0.999996,0.999996,60.000000,1.000000,100.000000,
197,1.000001,1.000006,1.000000,1.000001,1.000001,0.335451,3.505057,0.999996,0.999996,0.999996,0.999996,60.000000,1.000000,97.894560,
198,1.000001,1.000006,1.000001,1.000001,1.000001,0.335451,0.335451,0.999996,0.999996,0.999996,0.999996,60.000000,1.000000,97.894573,
199,1.000001,1.000005,1.000000,1.000001,1.000001,5.249959,5.249959,0.999995,0.999996,0.999996,0.999996,60.000000,1.000000,100.000000,
200,1.000001,1.000004,1.000000,1.000001,1.000000,0.040831,5.576506,0.999995,0.999995,0.999995,0.999996,60.000000,1.000000,97.484619,
201,1.000001,1.000004,1.000000,1.000001,1.000000,0.040831,0.040831,0.999995,0.999995,0.999995,0.999996,60.000000,1.000000,97.484630,
202,1.000001,1.000003,1.000000,1.000001,1.000000,6.539308,6.539308,0.999994,0.999995,0.999995,0.999995,60.000000,1.000000,100.000000,
203,1.000001,1.000004,1.000000,1.000001,1.000001,0.052821,7.003082,0.999994,0.999995,0.999995,0.999995,60.000000,1.000000,97.501271,
204,1.000001,1.000004,1.000000,1.000001,1.000001,0.052821,0.052821,0.999994,0.999995,0.999995,0.999995,60.000000,1.000000,97.501271,
205,1.000001,1.000004,1.000000,1.000001,1.000001,0.062357,6.824276,0.999994,0.999995,0.999995,0.999995,60.000000,1.000000,97.514527,
206,1.000001,1.000004,1.000000,1.000001,1.000001,0.062357,0.062357,0.999994,0.999995,0.999995,0.999995,60.000000,1.000000,97.514554,
207,1.000001,1.000004,1.000000,1.000001,1.000000,7.572621,7.572621,0.999994,0.999995,0.999995,0.999995,60.000000,1.000000,100.000000,
208,1.000001,1.000004,1.000000,1.000001,1.000000,0.078431,8.228630,0.999994,0.999994,0.999994,0.999995,60.000000,1.000000,97.536841,
209,1.000001,1.000004,1.000000,1.000001,1.000000,0.078431,0.078431,0.999994,0.999994,0.999994,0.999995,60.000000,1.000000,97.536823,
210,1.000001,1.000005,1.000000,1.000000,1.000000,7.624677,7.841070,0.999994,0.999994,0.999994,0.999995,60.000000,1.000000,100.000000,
211,1.000001,1.000004,1.000000,1.000001,1.000000,0.098353,7.624677,0.999994,0.999994,0.999994,0.999994,60.000000,1.000000,97.564547,
212,1.000001,1.000004,1.000000,1.000000,1.000000,0.098353,0.098353,0.999994,0.999994,0.999994,0.999994,60.000000,1.000000,97.564561,
213,1.000001,1.000004,1.000000,1.000000,1.000000,7.350820,7.350820,0.999994,0.999994,0.999994,0.999995,60.000000,1.000000,100.000000,
214,1.000001,1.000004,1.000000,1.000000,1.000000,0.024494,7.539634,0.999994,0.999994,0.999994,0.999995,60.000000,1.000000,97.461684,
215,1.000001,1.000004,1.000000,1.000000,1.000000,0.024494,0.024494,0.999994,0.999994,0.999994,0.999994,60.000000,1.000000,97.461662,
216,1.000001,1.000004,1.000000,1.000000,1.000000,5.113576,6.115623,0.999994,0.999994,0.999994,0.999994,60.000000,1.000000,100.000000,
217,1.000001,1.000004,1.000000,1.000001,1.000000,0.027882,5.113576,0.999994,0.999994,0.999994,0.999994,60.000000,1.000000,97.466412,
218,1.000001,1.000004,1.000000,1.000001,1.000000,0.027882,0.027882,0.999994,0.999994,0.999994,0.999995,60.000000,1.000000,97.466410,
219,1.000001,1.000004,1.000000,1.000001,1.000001,3.600112,4.139915,0.999994,0.999995,0.999994,0.999994,60.000000,1.000000,100.000000,
220,1.000001,1.000005,1.000000,1.000001,1.000000,0.055554,3.600112,0.999994,0.999995,0.999994,0.999994,60.000000,1.000000,97.504966,
221,1.000001,1.000005,1.000000,1.000001,1.000000,0.055554,0.055554,0.999995,0.999995,0.999995,0.999995,60.000000,1.000000,97.504994,
222,1.000001,1.000005,1.000000,1.000001,1.000001,1.519024,2.378655,0.999995,0.999995,0.999995,0.999994,60.000000,1.000000,99.528040,
223,1.000001,1.000007,1.000000,1.000001,1.000000,0.061474,1.519024,0.999995,0.999995,0.999995,0.999994,60.000000,1.000000,97.513287,
224,1.000001,1.000007,1.000000,1.000001,1.000000,0.061474,0.061474,0.999995,0.999995,0.999995,0.999994,60.000000,1.000000,97.513298,
225,1.000001,1.000006,1.000000,1.000001,1.000001,1.346860,2.646232,0.999995,0.999995,0.999995,0.999995,60.000000,1.000000,99.291801,
226,1.000001,1.000006,1.000000,1.000001,1.000000,0.216444,1.346860,0.999995,0.999995,0.999995,0.999995,60.000000,1.000000,97.728995,
227,1.000001,1.000006,1.000000,1.000000,1.000001,0.216444,0.216444,0.999995,0.999995,0.999995,0.999995,60.000000,1.000000,97.729005,
228,1.000001,1.000005,1.000000,1.000001,1.000000,1.374625,1.374625,0.999995,0.999995,0.999995,0.999995,60.000000,1.000000,99.329892,
229,1.000001,1.000006,1.000000,1.000001,1.000000,0.010333,2.547235,0.999995,0.999995,0.999995,0.999995,60.000000,1.000000,97.442076,
230,1.000001,1.000006,1.000000,1.000001,1.000000,0.010333,0.010333,0.999995,0.999995,0.999995,0.999995,60.000000,1.000000,97.442085,
231,1.000001,1.000005,1.000000,1.000001,1.000001,1.778288,1.778288,0.999995,0.999995,0.999995,0.999995,60.000000,1.000000,99.883061,
232,1.000001,1.000005,1.000000,1.000001,1.000001,0.074454,3.145123,0.999995,0.999995,0.999995,0.999995,60.000000,1.000000,97.531350,
233,1.000001,1.000005,1.000000,1.000001,1.000001,0.074454,0.074454,0.999995,0.999995,0.999995,0.999995,60.000000,1.000000,97.531367,
234,1.000001,1.000006,1.000000,1.000001,1.000001,0.340876,2.349230,0.999995,0.999995,0.999995,0.999995,60.000000,1.000000,97.901958,
235,1.000001,1.000005,1.000000,1.000001,1.000001,0.340876,0.340876,0.999995,0.999995,0.999995,0.999995,60.000000,1.000000,97.901952,
236,1.000001,1.000005,1.000000,1.000001,1.000000,2.414090,2.414090,0.999995,0.999995,0.999995,0.999995,60.000000,1.000000,100.000000,
237,1.000001,1.000006,1.000000,1.000001,1.000000,0.052280,3.304188,0.999995,0.999995,0.999995,0.999995,60.000000,1.000000,97.500500,
238,1.000001,1.000006,1.000000,1.000001,1.000001,0.052280,0.052280,0.999995,0.999995,0.999995,0.999995,60.000000,1.000000,97.500521,
239,1.000002,1.000007,1.000000,1.000001,1.000000,1.529898,2.235651,0.999995,0.999995,0.999995,0.999995,60.000000,1.000000,99.543107,
240,1.000002,1.000008,1.000000,1.000001,1.000001,0.442560,1.529898,0.999995,0.999996,0.999995,0.999995,60.000000,1.000000,98.043257,
241,1.000002,1.000008,1.000000,1.000001,1.000001,0.442560,0.442560,0.999995,0.999996,0.999995,0.999995,60.000000,1.000000,98.043230,
242,1.000001,1.000007,1.000000,1.000001,1.000000,0.456160,0.456160,0.999995,0.999996,0.999995,0.999995,60.000000,1.000000,98.062085,
243,1.000001,1.000007,1.000000,1.000001,1.000000,0.258150,1.186105,0.999995,0.999995,0.999995,0.999995,60.000000,1.000000,97.787080,
244,1.000002,1.000007,1.000000,1.000001,1.000000,0.258150,0.258150,0.999995,0.999996,0.999995,0.999995,60.000000,1.000000,97.787077,
245,1.000001,1.000006,1.000000,1.000001,1.000001,2.129534,2.129534,0.999995,0.999996,0.999995,0.999995,60.000000,1.000000,100.000000,
246,1.000001,1.000006,1.000000,1.000001,1.000001,0.013701,2.996604,0.999995,0.999996,0.999995,0.999995,60.000000,1.000000,97.446810,
247,1.000001,1.000006,1.000000,1.000001,1.000001,0.013701,0.013701,0.999995,0.999996,0.999995,0.999995,60.000000,1.000000,97.446819,
248,1.000002,1.000006,1.000000,1.000001,1.000001,3.720548,3.720548,0.999995,0.999996,0.999995,0.999995,60.000000,1.000000,100.000000,
249,1.000001,1.000004,1.000000,1.000001,1.000001,0.056197,5.156031,0.999994,0.999995,0.999995,0.999995,60.000000,1.000000,97.505946,
250,1.000001,1.000004,1.000000,1.000001,1.000001,0.056197,0.056197,0.999994,0.999995,0.999995,0.999995,60.000000,1.000000,97.505938,
251,1.000001,1.000004,1.000000,1.000001,1.000001,6.154418,6.154418,0.999994,0.999995,0.999995,0.999995,60.000000,1.000000,100.000000,
252,1.000001,1.000004,1.000000,1.000001,1.000001,0.077503,6.565013,0.999994,0.999995,0.999995,0.999995,60.000000,1.000000,97.535643,
253,1.000001,1.000004,1.000000,1.000001,1.000001,0.077503,0.077503,0.999994,0.999995,0.999995,0.999995,60.000000,1.000000,97.535647,
254,1.000001,1.000004,1.000000,1.000001,1.000000,7.095262,7.095262,0.999995,0.999995,0.999995,0.999995,60.000000,1.000000,100.000000,
255,1.000001,1.000004,1.000000,1.000001,1.000001,0.018282,7.485179,0.999994,0.999995,0.999995,0.999995,60.000000,1.000000,97.453155,
256,1.000001,1.000004,1.000000,1.000001,1.000000,0.018282,0.018282,0.999994,0.999995,0.999995,0.999995,60.000000,1.000000,97.453136,
257,1.000001,1.000004,1.000000,1.000001,1.000000,5.773969,6.716944,0.999995,0.999995,0.999995,0.999995,60.000000,1.000000,100.000000,
258,1.000001,1.000004,1.000000,1.000001,1.000001,0.068516,5.773969,0.999995,0.999996,0.999995,0.999995,60.000000,1.000000,97.523145,
259,1.000001,1.000004,1.000000,1.000001,1.000001,0.068516,0.068516,0.999995,0.999996,0.999996,0.999996,60.000000,1.000000,97.523165,
260,1.000001,1.000004,1.000000,1.000001,1.000001,4.476069,5.039284,0.999995,0.999996,0.999995,0.999996,60.000000,1.000000,100.000000,
261,1.000001,1.000004,1.000000,1.000001,1.000001,0.011543,4.476069,0.999995,0.999996,0.999995,0.999995,60.000000,1.000000,97.443742,
262,1.000001,1.000004,1.000000,1.000001,1.000001,0.011543,0.011543,0.999995,0.999995,0.999995,0.999995,60.000000,1.000000,97.443757,
263,1.000001,1.000005,1.000000,1.000001,1.000001,0.049479,3.342290,0.999995,0.999996,0.999996,0.999995,60.000000,1.000000,97.496687,
264,1.000001,1.000005,1.000000,1.000001,1.000001,0.049479,0.049479,0.999996,0.999996,0.999996,0.999995,60.000000,1.000000,97.496687,
265,1.000001,1.000005,1.000000,1.000001,1.000001,1.370296,1.370296,0.999996,0.999996,0.999996,0.999996,60.000000,1.000000,99.324106,
266,1.000001,1.000006,1.000000,1.000001,1.000001,0.044637,1.991978,0.999996,0.999996,0.999996,0.999996,60.000000,1.000000,97.489994,
267,1.000001,1.000006,1.000000,1.000001,1.000001,0.044637,0.044637,0.999996,0.999996,0.999996,0.999996,60.000000,1.000000,97.489983,
268,1.000001,1.000006,1.000001,1.000001,1.000001,1.340267,3.298763,0.999996,0.999996,0.999996,0.999996,60.000000,1.000000,99.282905,
269,1.000001,1.000006,1.000000,1.000001,1.000001,0.329696,1.340267,0.999996,0.999996,0.999996,0.999996,60.000000,1.000000,97.886594,
270,1.000002,1.000006,1.000000,1.000001,1.000001,0.329696,0.329696,0.999996,0.999996,0.999996,0.999996,60.000000,1.000000,97.886601,
271,1.000001,1.000006,1.000000,1.000001,1.000001,1.669093,1.669093,0.999996,0.999996,0.999996,0.999996,60.000000,1.000000,99.733847,
272,1.000002,1.000007,1.000000,1.000001,1.000001,0.295138,3.881683,0.999996,0.999996,0.999996,0.999996,60.000000,1.000000,97.838577,
273,1.000002,1.000007,1.000000,1.000001,1.000001,0.295138,0.295138,0.999996,0.999996,0.999996,0.999996,60.000000,1.000000,97.838596,
274,1.000001,1.000006,1.000000,1.000001,1.000001,1.545099,1.545099,0.999996,0.999996,0.999996,0.999995,60.000000,1.000000,99.564001,
275,1.000001,1.000006,1.000000,1.000001,1.000001,0.025650,2.367158,0.999996,0.999996,0.999996,0.999996,60.000000,1.000000,97.463562,
276,1.000001,1.000006,1.000000,1.000001,1.000001,0.025650,0.025650,0.999996,0.999996,0.999996,0.999996,60.000000,1.000000,97.463559,
277,1.000001,1.000006,1.000000,1.000001,1.000000,3.166474,3.166474,0.999996,0.999996,0.999996,0.999996,60.000000,1.000000,100.000000,
278,1.000002,1.000007,1.000000,1.000001,1.000001,0.104895,7.641284,0.999996,0.999996,0.999996,0.999996,60.000000,1.000000,97.573946,
279,1.000002,1.000007,1.000000,1.000001,1.000001,0.104895,0.104895,0.999996,0.999996,0.999996,0.999995,60.000000,1.000000,97.573929,
280,1.000002,1.000008,1.000000,1.000001,1.000001,6.708998,6.708998,0.999996,0.999996,0.999995,0.999995,60.000000,1.000000,100.000000,
281,1.000002,1.000008,1.000000,1.000001,1.000001,0.077414,8.038022,0.999996,0.999996,0.999996,0.999995,60.000000,1.000000,97.535701,
282,1.000002,1.000008,1.000000,1.000001,1.000001,0.077414,0.077414,0.999995,0.999996,0.999996,0.999995,60.000000,1.000000,97.535644,
283,1.000002,1.000007,1.000000,1.000001,1.000001,2.668459,6.553824,0.999995,0.999995,0.999995,0.999995,60.000000,1.000000,100.000000,
284,1.000002,1.000008,1.000000,1.000001,1.000001,0.349925,2.668459,0.999995,0.999995,0.999995,0.999995,60.000000,1.000000,97.914627,
285,1.000002,1.000008,1.000000,1.000001,1.000001,0.349925,0.349925,0.999995,0.999996,0.999995,0.999994,60.000000,1.000000,97.914565,
286,1.000002,1.000008,1.000000,1.000001,1.000001,1.117254,1.117254,0.999995,0.999995,0.999995,0.999994,60.000000,1.000000,98.975971,
287,1.000002,1.000007,1.000000,1.000001,1.000001,1.570698,1.570698,0.999995,0.999995,0.999995,0.999995,60.000000,1.000000,99.598970,
288,1.000001,1.000006,1.000000,1.000001,1.000001,0.021647,2.783682,0.999995,0.999995,0.999995,0.999994,60.000000,1.000000,97.457801,
289,1.000001,1.000006,1.000000,1.000001,1.000001,0.021647,0.021647,0.999995,0.999995,0.999995,0.999994,60.000000,1.000000,97.457791,
290,1.000001,1.000005,1.000000,1.000001,1.000001,0.013952,3.055692,0.999995,0.999995,0.999995,0.999995,60.000000,1.000000,97.447078,
291,1.000001,1.000005,1.000000,1.000001,1.000001,0.013952,0.013952,0.999995,0.999995,0.999995,0.999995,60.000000,1.000000,97.447077,
292,1.000001,1.000005,1.000000,1.000001,1.000001,2.666227,2.666227,0.999995,0.999995,0.999995,0.999994,60.000000,1.000000,100.000000,
293,1.000001,1.000005,1.000000,1.000001,1.000001,0.254593,3.034889,0.999995,0.999995,0.999995,0.999995,60.000000,1.000000,97.782009,
294,1.000001,1.000005,1.000000,1.000001,1.000001,0.254593,0.254593,0.999995,0.999995,0.999995,0.999995,60.000000,1.000000,97.782025,
295,1.000001,1.000005,1.000000,1.000001,1.000001,0.162387,3.001392,0.999995,0.999995,0.999995,0.999995,60.000000,1.000000,97.653800,
296,1.000001,1.000005,1.000000,1.000001,1.000001,0.162387,0.162387,0.999995,0.999995,0.999995,0.999995,60.000000,1.000000,97.653775,
297,1.000001,1.000005,1.000000,1.000001,1.000001,1.934836,2.529840,0.999995,0.999995,0.999995,0.999994,60.000000,1.000000,100.000000,
298,1.000001,1.000005,1.000000,1.000001,1.000001,0.247694,1.934836,0.999995,0.999995,0.999995,0.999994,60.000000,1.000000,97.772390,
299,1.000001,1.000005,1.000000,1.000001,1.000001,0.247694,0.247694,0.999995,0.999995,0.999995,0.999994,60.000000,1.000000,97.772404,
300,1.000001,1.000005,1.000000,1.000001,1.000001,0.695027,1.817917,0.999994,0.999995,0.999995,0.999994,60.000000,1.000000,98.392862,
301,1.000001,1.000005,1.000000,1.000001,1.000001,0.000304,0.695027,0.999994,0.999995,0.999995,0.999994,60.000000,1.000000,97.428019,
302,1.000001,1.000005,1.000000,1.000001,1.000001,0.000304,0.000304,0.999994,0.999995,0.999995,0.999994,60.000000,1.000000,97.428009,
303,1.000001,1.000005,1.000000,1.000001,1.000001,0.567877,0.567877,0.999994,0.999995,0.999995,0.999994,60.000000,1.000000,98.216823,
304,1.000001,1.000006,1.000000,1.000001,1.000001,0.299329,1.177000,0.999994,0.999995,0.999995,0.999995,60.000000,1.000000,97.844223,
305,1.000001,1.000005,1.000000,1.000001,1.000001,0.299329,0.299329,0.999994,0.999995,0.999995,0.999995,60.000000,1.000000,97.844179,
306,1.000001,1.000005,1.000000,1.000001,1.000001,1.179686,1.179686,0.999994,0.999995,0.999995,0.999994,60.000000,1.000000,99.061849,
307,1.000002,1.000007,1.000000,1.000001,1.000001,0.184989,1.713129,0.999995,0.999995,0.999995,0.999994,60.000000,1.000000,97.685266,
308,1.000002,1.000007,1.000000,1.000001,1.000001,0.184989,0.184989,0.999995,0.999995,0.999995,0.999994,60.000000,1.000000,97.685275,
309,1.000001,1.000006,1.000000,1.000001,1.000001,1.268672,1.268672,0.999995,0.999995,0.999995,0.999994,60.000000,1.000000,99.184307,
310,1.000002,1.000007,1.000000,1.000001,1.000001,0.045315,1.452069,0.999995,0.999995,0.999995,0.999995,60.000000,1.000000,97.490829,
311,1.000002,1.000007,1.000000,1.000001,1.000001,0.045315,0.045315,0.999995,0.999995,0.999995,0.999995,60.000000,1.000000,97.490824,
312,1.000002,1.000008,1.000000,1.000001,1.000001,1.188312,1.188312,0.999995,0.999995,0.999994,0.999994,60.000000,1.000000,99.073803,
313,1.000002,1.000007,1.000000,1.000001,1.000001,0.361757,2.080775,0.999995,0.999995,0.999995,0.999994,60.000000,1.000000,97.930948,
314,1.000002,1.000007,1.000000,1.000001,1.000001,0.361757,0.361757,0.999995,0.999995,0.999995,0.999995,60.000000,1.000000,97.931005,
315,1.000002,1.000007,1.000000,1.000001,1.000001,1.995897,1.995897,0.999995,0.999995,0.999995,0.999995,60.000000,1.000000,100.000000,
316,1.000002,1.000008,1.000000,1.000001,1.000001,0.119870,2.041231,0.999995,0.999995,0.999995,0.999994,60.000000,1.000000,97.594651,
317,1.000002,1.000007,1.000000,1.000001,1.000001,0.119870,0.119870,0.999995,0.999995,0.999995,0.999994,60.000000,1.000000,97.594672,
318,1.000002,1.000006,1.000000,1.000001,1.000001,2.059572,2.059572,0.999995,0.999995,0.999995,0.999995,60.000000,1.000000,100.000000,
319,1.000001,1.000007,1.000000,1.000001,1.000001,0.014002,3.379085,0.999995,0.999995,0.999995,0.999995,60.000000,1.000000,97.447192,
320,1.000001,1.000007,1.000000,1.000001,1.000001,0.014002,0.014002,0.999995,0.999995,0.999995,0.999995,60.000000,1.000000,97.447178,
321,1.000001,1.000006,1.000000,1.000001,1.000001,2.411109,2.411109,0.999995,0.999995,0.999995,0.999995,60.000000,1.000000,100.000000,
322,1.000001,1.000006,1.000000,1.000001,1.000001,0.048488,2.579849,0.999995,0.999995,0.999995,0.999994,60.000000,1.000000,97.495242,
323,1.000001,1.000007,1.000000,1.000001,1.000001,0.048488,0.048488,0.999995,0.999995,0.999995,0.999994,60.000000,1.000000,97.495237,
324,1.000001,1.000006,1.000000,1.000001,1.000001,0.007749,2.725672,0.999995,0.999995,0.999995,0.999995,60.000000,1.000000,97.438475,
325,1.000001,1.000006,1.000000,1.000001,1.000001,0.007749,0.007749,0.999995,0.999995,0.999995,0.999995,60.000000,1.000000,97.438480,
326,1.000001,1.000006,1.000000,1.000001,1.000001,2.051355,2.051355,0.999995,0.999995,0.999995,0.999995,60.000000,1.000000,100.000000,
327,1.000001,1.000006,1.000000,1.000001,1.000001,0.077915,2.930288,0.999995,0.999995,0.999995,0.999995,60.000000,1.000000,97.536243,
328,1.000001,1.000006,1.000000,1.000001,1.000001,0.077915,0.077915,0.999995,0.999996,0.999995,0.999995,60.000000,1.000000,97.536238,
329,1.000001,1.000006,1.000000,1.000001,1.000000,2.170809,2.241673,0.999995,0.999995,0.999995,0.999995,60.000000,1.000000,100.000000,
330,1.000001,1.000006,1.000000,1.000001,1.000001,0.135733,2.170809,0.999995,0.999995,0.999995,0.999995,60.000000,1.000000,97.616743,
331,1.000001,1.000006,1.000000,1.000001,1.000000,0.135733,0.135733,0.999995,0.999995,0.999995,0.999995,60.000000,1.000000,97.616735,
332,1.000001,1.000006,1.000000,1.000001,1.000001,3.458714,3.458714,0.999995,0.999995,0.999995,0.999995,60.000000,1.000000,100.000000,
333,1.000001,1.000005,1.000000,1.000001,1.000001,4.551434,4.551434,0.999995,0.999995,0.999995,0.999995,60.000000,1.000000,100.000000,
